,customer_id,period,amount,amount_m,country,currency,rate,amount_eur,amount_m_eur,amount_m_avg,amount_m_eur_avg,amount_l3m
3,CUST0001,2024-02,812.84,1235.08,USA,USD,1.0971,740.9,1125.77,617.54,562.885,812.84
5,CUST0001,2024-02,422.24,1235.08,USA,USD,1.0971,384.87,1125.77,617.54,562.885,1235.08
0,CUST0001,2024-06,997.83,997.83,USA,USD,1.0817,922.46,922.46,997.83,922.46,2232.91
2,CUST0001,2024-09,980.15,980.15,Japan,JPY,143.2724,6.84,6.84,980.15,6.84,2400.22
4,CUST0001,2024-10,174.7,464.2,UK,GBP,0.7891,221.39,510.89,232.1,255.445,1444.35
6,CUST0001,2024-10,289.5,464.2,Germany,EUR,1.0,289.5,510.89,232.1,255.445,2267.48
1,CUST0001,2024-12,690.06,1441.6,USA,USD,1.0768,640.84,645.9300000000001,720.8,322.96500000000003,1154.2599999999998
7,CUST0001,2024-12,751.54,1441.6,Japan,JPY,147.6806,5.09,645.9300000000001,720.8,322.96500000000003,1616.2999999999997
15,CUST0002,2024-02,646.65,646.65,USA,USD,1.0971,589.42,589.42,646.65,589.42,646.65
9,CUST0002,2024-03,32.19,32.19,USA,USD,1.0754,29.93,29.93,32.19,29.93,678.8399999999999
10,CUST0002,2024-05,811.26,811.26,Germany,EUR,1.0,811.26,811.26,811.26,811.26,1490.1
12,CUST0002,2024-07,156.45,156.45,Japan,JPY,142.751,1.1,1.1,156.45,1.1,999.8999999999999
11,CUST0002,2024-08,926.98,1395.63,UK,GBP,0.7987,1160.61,1599.05,697.815,799.525,1552.08
14,CUST0002,2024-08,468.65,1395.63,USA,USD,1.0689,438.44,1599.05,697.815,799.525,1436.36
8,CUST0002,2024-11,135.39,135.39,Canada,CAD,1.352,100.14,100.14,135.39,100.14,1531.02
13,CUST0002,2025-01,912.72,912.72,UK,GBP,0.784,1164.18,1164.18,912.72,1164.18,1975.0900000000001
18,CUST0003,2024-06,628.54,628.54,Canada,CAD,1.327,473.65,473.65,628.54,473.65,628.54
16,CUST0003,2024-09,517.91,517.91,Japan,JPY,143.2724,3.61,3.61,517.91,3.61,1146.4499999999998
19,CUST0003,2024-10,416.36,416.36,UK,GBP,0.7891,527.64,527.64,416.36,527.64,1562.81
17,CUST0003,2025-02,420.63,420.63,Canada,CAD,1.3389,314.16,314.16,420.63,314.16,1354.9
20,CUST0004,2024-10,349.57,349.57,Canada,CAD,1.3471,259.5,259.5,349.57,259.5,349.57
26,CUST0005,2024-03,778.31,881.8499999999999,UK,GBP,0.7882,987.45,1090.99,440.92499999999995,545.495,778.31
27,CUST0005,2024-03,103.54,881.8499999999999,Germany,EUR,1.0,103.54,1090.99,440.92499999999995,545.495,881.8499999999999
22,CUST0005,2024-04,786.9,786.9,USA,USD,1.0731,733.3,733.3,786.9,733.3,1668.75
24,CUST0005,2024-06,651.69,651.69,Japan,JPY,143.6044,4.54,4.54,651.69,4.54,1542.13
28,CUST0005,2024-10,255.46,255.46,UK,GBP,0.7891,323.74,323.74,255.46,323.74,1694.05
21,CUST0005,2024-11,418.26,418.26,Japan,JPY,145.0578,2.88,2.88,418.26,2.88,1325.41
23,CUST0005,2024-12,709.12,709.12,Germany,EUR,1.0,709.12,709.12,709.12,709.12,1382.8400000000001
25,CUST0005,2025-01,326.52,326.52,UK,GBP,0.784,416.48,416.48,326.52,416.48,1453.9
29,CUST0006,2024-04,161.03,161.03,Germany,EUR,1.0,161.03,161.03,161.03,161.03,161.03
30,CUST0007,2024-08,265.62,265.62,UK,GBP,0.7987,332.57,332.57,265.62,332.57,265.62
31,CUST0008,2024-03,804.84,804.84,Japan,JPY,145.5988,5.53,5.53,804.84,5.53,804.84
32,CUST0008,2024-09,272.81,539.3299999999999,USA,USD,1.0685,255.32,504.75,269.66499999999996,252.375,1077.65
33,CUST0008,2024-09,266.52,539.3299999999999,USA,USD,1.0685,249.43,504.75,269.66499999999996,252.375,1344.17
39,CUST0009,2024-04,108.65,108.65,Canada,CAD,1.3341,81.44,81.44,108.65,81.44,108.65
34,CUST0009,2024-08,885.15,1769.8,UK,GBP,0.7987,1108.24,1770.5,884.9,885.25,1878.4499999999998
35,CUST0009,2024-08,884.65,1769.8,Canada,CAD,1.3358,662.26,1770.5,884.9,885.25,993.3
41,CUST0009,2024-11,888.35,888.35,Japan,JPY,145.0578,6.12,6.12,888.35,6.12,2658.1499999999996
37,CUST0009,2024-12,395.14,607.65,UK,GBP,0.7975,495.47,707.98,303.825,353.99,1496.0
40,CUST0009,2024-12,212.51,607.65,Germany,EUR,1.0,212.51,707.98,303.825,353.99,1986.01
36,CUST0009,2025-02,309.71,1314.09,UK,GBP,0.7806,396.76,1146.92,438.03,382.3066666666667,917.3599999999999
38,CUST0009,2025-02,229.24,1314.09,Canada,CAD,1.3389,171.22,1146.92,438.03,382.3066666666667,934.0899999999999
42,CUST0009,2025-02,775.14,1314.09,Canada,CAD,1.3389,578.94,1146.92,438.03,382.3066666666667,1314.0900000000001
43,CUST0010,2024-07,93.11,93.11,Japan,JPY,142.751,0.65,0.65,93.11,0.65,93.11
46,CUST0011,2024-06,823.48,823.48,USA,USD,1.0817,761.28,761.28,823.48,761.28,823.48
45,CUST0011,2024-12,48.58,48.58,Germany,EUR,1.0,48.58,48.58,48.58,48.58,872.0600000000001
44,CUST0011,2025-01,249.67,249.67,Germany,EUR,1.0,249.67,249.67,249.67,249.67,1121.73
47,CUST0012,2024-05,81.51,653.91,Japan,JPY,143.3017,0.57,426.84,326.955,213.42,81.51
48,CUST0012,2024-05,572.4,653.91,Canada,CAD,1.3428,426.27,426.84,326.955,213.42,653.91
51,CUST0012,2024-07,853.7,954.59,Canada,CAD,1.3625,626.57,627.2800000000001,477.295,313.64000000000004,1507.6100000000001
52,CUST0012,2024-07,100.89,954.59,Japan,JPY,142.751,0.71,627.2800000000001,477.295,313.64000000000004,1526.99
50,CUST0012,2024-09,583.71,583.71,Japan,JPY,143.2724,4.07,4.07,583.71,4.07,1538.3000000000002
49,CUST0012,2025-02,716.74,716.74,Japan,JPY,142.6009,5.03,5.03,716.74,5.03,1401.3400000000001
59,CUST0013,2024-03,977.95,977.95,Japan,JPY,145.5988,6.72,6.72,977.95,6.72,977.95
54,CUST0013,2024-07,986.31,2542.67,UK,GBP,0.7828,1259.98,2110.2799999999997,635.6675,527.5699999999999,2465.43
56,CUST0013,2024-07,77.24,2542.67,UK,GBP,0.7828,98.67,2110.2799999999997,635.6675,527.5699999999999,1796.1699999999998
57,CUST0013,2024-07,732.62,2542.67,Japan,JPY,142.751,5.13,2110.2799999999997,635.6675,527.5699999999999,2457.07
60,CUST0013,2024-07,746.5,2542.67,Germany,EUR,1.0,746.5,2110.2799999999997,635.6675,527.5699999999999,1724.45
53,CUST0013,2024-10,687.18,1296.23,Germany,EUR,1.0,687.18,1139.3,648.115,569.65,1373.4699999999998
55,CUST0013,2024-10,609.05,1296.23,Canada,CAD,1.3471,452.12,1139.3,648.115,569.65,1672.6
58,CUST0013,2025-01,45.29,45.29,Canada,CAD,1.3603,33.29,33.29,45.29,33.29,1341.52
66,CUST0014,2024-03,646.2,646.2,Canada,CAD,1.3751,469.93,469.93,646.2,469.93,646.2
65,CUST0014,2024-04,445.42,445.42,UK,GBP,0.7827,569.08,569.08,445.42,569.08,1091.6200000000001
63,CUST0014,2024-05,963.88,1004.06,UK,GBP,0.8028,1200.65,1240.8300000000002,502.03,620.4150000000001,2055.5
67,CUST0014,2024-05,40.18,1004.06,Germany,EUR,1.0,40.18,1240.8300000000002,502.03,620.4150000000001,1449.48
61,CUST0014,2024-10,932.85,984.36,USA,USD,1.0586,881.21,932.72,492.18,466.36,1936.9099999999999
62,CUST0014,2024-10,51.51,984.36,Germany,EUR,1.0,51.51,932.72,492.18,466.36,1024.54
64,CUST0014,2024-12,655.85,655.85,USA,USD,1.0768,609.07,609.07,655.85,609.07,1640.21
69,CUST0015,2024-04,984.72,984.72,UK,GBP,0.7827,1258.11,1258.11,984.72,1258.11,984.72
68,CUST0015,2024-05,136.02,136.02,Germany,EUR,1.0,136.02,136.02,136.02,136.02,1120.74
71,CUST0015,2024-08,132.65,132.65,Japan,JPY,146.9078,0.9,0.9,132.65,0.9,1253.39
70,CUST0015,2024-11,816.56,816.56,Canada,CAD,1.352,603.96,603.96,816.56,603.96,1085.23
74,CUST0016,2024-02,181.76,181.76,USA,USD,1.0971,165.67,165.67,181.76,165.67,181.76
76,CUST0016,2024-04,242.38,242.38,Canada,CAD,1.3341,181.68,181.68,242.38,181.68,424.14
77,CUST0016,2024-05,250.26,250.26,Japan,JPY,143.3017,1.75,1.75,250.26,1.75,674.4
78,CUST0016,2024-06,731.17,731.17,USA,USD,1.0817,675.95,675.95,731.17,675.95,1223.81
73,CUST0016,2024-07,12.14,730.24,Japan,JPY,142.751,0.09,5.12,365.12,2.56,993.5699999999999
75,CUST0016,2024-07,718.1,730.24,Japan,JPY,142.751,5.03,5.12,365.12,2.56,1461.4099999999999
72,CUST0016,2024-11,66.41,66.41,UK,GBP,0.7946,83.58,83.58,66.41,83.58,796.65
85,CUST0017,2024-03,673.09,673.09,Japan,JPY,145.5988,4.62,4.62,673.09,4.62,673.09
80,CUST0017,2024-04,518.11,518.11,Canada,CAD,1.3341,388.36,388.36,518.11,388.36,1191.2
81,CUST0017,2024-07,532.24,532.24,UK,GBP,0.7828,679.92,679.92,532.24,679.92,1723.44
82,CUST0017,2024-08,99.53,402.23,Germany,EUR,1.0,99.53,478.52,201.115,239.26,1149.8799999999999
83,CUST0017,2024-08,302.7,402.23,UK,GBP,0.7987,378.99,478.52,201.115,239.26,934.47
86,CUST0017,2024-09,362.81,362.81,Japan,JPY,143.2724,2.53,2.53,362.81,2.53,765.04
84,CUST0017,2024-12,131.19,131.19,Japan,JPY,147.6806,0.89,0.89,131.19,0.89,796.7
79,CUST0017,2025-01,17.71,460.09999999999997,Japan,JPY,143.7817,0.12,325.34000000000003,230.04999999999998,162.67000000000002,591.29
87,CUST0017,2025-01,442.39,460.09999999999997,Canada,CAD,1.3603,325.22,325.34000000000003,230.04999999999998,162.67000000000002,936.39
91,CUST0018,2024-06,294.68,294.68,USA,USD,1.0817,272.42,272.42,294.68,272.42,294.68
88,CUST0018,2024-07,912.7,1609.93,Canada,CAD,1.3625,669.87,1431.43,536.6433333333333,477.1433333333334,1609.93
89,CUST0018,2024-07,372.71,1609.93,USA,USD,1.0741,347.0,1431.43,536.6433333333333,477.1433333333334,991.91
92,CUST0018,2024-07,324.52,1609.93,UK,GBP,0.7828,414.56,1431.43,536.6433333333333,477.1433333333334,619.2
90,CUST0018,2024-11,972.75,1448.29,Canada,CAD,1.352,719.49,722.77,724.145,361.385,2258.16
93,CUST0018,2024-11,475.54,1448.29,Japan,JPY,145.0578,3.28,722.77,724.145,361.385,2360.9900000000002
94,CUST0019,2024-04,697.79,697.79,UK,GBP,0.7827,891.52,891.52,697.79,891.52,697.79
95,CUST0019,2024-10,372.65,372.65,Japan,JPY,145.2978,2.56,2.56,372.65,2.56,1070.44
96,CUST0020,2024-02,463.8,463.8,UK,GBP,0.8024,578.02,578.02,463.8,578.02,463.8
99,CUST0020,2024-05,452.31,452.31,USA,USD,1.0678,423.59,423.59,452.31,423.59,916.11
97,CUST0020,2024-07,611.74,1238.51,Canada,CAD,1.3625,448.98,453.37,619.255,226.685,1690.8200000000002
103,CUST0020,2024-07,626.77,1238.51,Japan,JPY,142.751,4.39,453.37,619.255,226.685,1542.88
98,CUST0020,2024-08,554.28,554.28,Japan,JPY,146.9078,3.77,3.77,554.28,3.77,1792.79
100,CUST0020,2024-09,108.43,108.43,USA,USD,1.0685,101.48,101.48,108.43,101.48,1274.45
102,CUST0020,2024-12,496.52,496.52,UK,GBP,0.7975,622.6,622.6,496.52,622.6,1159.23
101,CUST0020,2025-02,543.58,543.58,UK,GBP,0.7806,696.36,696.36,543.58,696.36,1148.53
104,CUST0021,2024-06,934.82,1890.79,Germany,EUR,1.0,934.82,941.48,945.395,470.74,934.82
106,CUST0021,2024-06,955.97,1890.79,Japan,JPY,143.6044,6.66,941.48,945.395,470.74,1890.79
105,CUST0021,2024-09,218.16,218.16,Canada,CAD,1.3743,158.74,158.74,218.16,158.74,2108.9500000000003
107,CUST0021,2025-01,245.06,245.06,Canada,CAD,1.3603,180.15,180.15,245.06,180.15,1419.1899999999998
108,CUST0021,2025-02,416.58,416.58,Japan,JPY,142.6009,2.92,2.92,416.58,2.92,879.8
113,CUST0022,2024-02,795.02,795.02,Germany,EUR,1.0,795.02,795.02,795.02,795.02,795.02
111,CUST0022,2024-03,739.12,739.12,Germany,EUR,1.0,739.12,739.12,739.12,739.12,1534.1399999999999
112,CUST0022,2024-04,95.19,645.0600000000001,Canada,CAD,1.3341,71.35,240.84,215.02,80.28,1629.33
116,CUST0022,2024-04,326.79,645.0600000000001,Japan,JPY,143.1242,2.28,240.84,215.02,80.28,1161.1
117,CUST0022,2024-04,223.08,645.0600000000001,Canada,CAD,1.3341,167.21,240.84,215.02,80.28,645.0600000000001
109,CUST0022,2024-06,481.39,481.39,Canada,CAD,1.327,362.77,362.77,481.39,362.77,1031.2600000000002
110,CUST0022,2024-07,407.55,860.94,Germany,EUR,1.0,407.55,410.73,430.47,205.365,1342.33
114,CUST0022,2024-07,453.39,860.94,Japan,JPY,142.751,3.18,410.73,430.47,205.365,1157.8600000000001
118,CUST0022,2024-11,654.52,654.52,Japan,JPY,145.0578,4.51,4.51,654.52,4.51,1515.46
115,CUST0022,2025-02,941.38,941.38,Japan,JPY,142.6009,6.6,6.6,941.38,6.6,2003.45
121,CUST0023,2024-03,994.42,994.42,Canada,CAD,1.3751,723.16,723.16,994.42,723.16,994.42
124,CUST0023,2024-04,339.39,682.22,Canada,CAD,1.3341,254.4,597.23,341.11,298.615,1676.6399999999999
125,CUST0023,2024-04,342.83,682.22,Germany,EUR,1.0,342.83,597.23,341.11,298.615,1337.25
120,CUST0023,2024-05,670.6,670.6,UK,GBP,0.8028,835.33,835.33,670.6,835.33,1352.8200000000002
119,CUST0023,2024-07,995.14,995.14,Germany,EUR,1.0,995.14,995.14,995.14,995.14,2005.13
122,CUST0023,2024-10,444.13,904.39,Canada,CAD,1.3471,329.69,671.36,452.195,335.68,1899.5300000000002
126,CUST0023,2024-10,460.26,904.39,Canada,CAD,1.3471,341.67,671.36,452.195,335.68,2126.0
123,CUST0023,2024-11,99.42,477.37,UK,GBP,0.7946,125.12,474.91,238.685,237.455,1003.8100000000001
128,CUST0023,2024-11,377.95,477.37,USA,USD,1.0805,349.79,474.91,238.685,237.455,921.5000000000001
127,CUST0023,2025-01,601.26,601.26,USA,USD,1.0704,561.72,561.72,601.26,561.72,1078.63
132,CUST0024,2024-03,342.93,1304.53,USA,USD,1.0754,318.89,1018.18,652.265,509.09,1304.53
136,CUST0024,2024-03,961.6,1304.53,Canada,CAD,1.3751,699.29,1018.18,652.265,509.09,961.6
130,CUST0024,2024-05,770.37,770.37,Germany,EUR,1.0,770.37,770.37,770.37,770.37,2074.9
133,CUST0024,2024-10,713.2,994.19,Canada,CAD,1.3471,529.43,531.3599999999999,497.095,265.67999999999995,1826.5000000000002
134,CUST0024,2024-10,280.99,994.19,Japan,JPY,145.2978,1.93,531.3599999999999,497.095,265.67999999999995,1764.5600000000002
135,CUST0024,2024-11,401.76,401.76,USA,USD,1.0805,371.83,371.83,401.76,371.83,1395.95
129,CUST0024,2024-12,214.84,385.44,Germany,EUR,1.0,214.84,428.76,192.72,214.38,897.59
131,CUST0024,2024-12,170.6,385.44,UK,GBP,0.7975,213.92,428.76,192.72,214.38,787.2
140,CUST0025,2024-04,979.35,979.35,Canada,CAD,1.3341,734.09,734.09,979.35,734.09,979.35
138,CUST0025,2024-05,646.15,646.15,Germany,EUR,1.0,646.15,646.15,646.15,646.15,1625.5
139,CUST0025,2024-07,242.44,381.35,Japan,JPY,142.751,1.7,131.03,190.675,65.515,1027.5
142,CUST0025,2024-07,138.91,381.35,USA,USD,1.0741,129.33,131.03,190.675,65.515,1764.41
137,CUST0025,2024-09,743.93,1262.52,USA,USD,1.0685,696.24,1340.29,631.26,670.145,1125.28
144,CUST0025,2024-09,518.59,1262.52,UK,GBP,0.8052,644.05,1340.29,631.26,670.145,1504.96
141,CUST0025,2024-10,188.76,188.76,Canada,CAD,1.3471,140.12,140.12,188.76,140.12,1451.28
143,CUST0025,2025-01,780.44,780.44,Germany,EUR,1.0,780.44,780.44,780.44,780.44,1487.79
149,CUST0026,2024-03,99.67,878.11,Canada,CAD,1.3751,72.48,850.9200000000001,439.055,425.46000000000004,99.67
152,CUST0026,2024-03,778.44,878.11,Germany,EUR,1.0,778.44,850.9200000000001,439.055,425.46000000000004,878.11
150,CUST0026,2024-06,473.88,473.88,Germany,EUR,1.0,473.88,473.88,473.88,473.88,1351.99
148,CUST0026,2024-09,170.91,170.91,USA,USD,1.0685,159.95,159.95,170.91,159.95,1423.23
154,CUST0026,2024-10,71.47,71.47,Japan,JPY,145.2978,0.49,0.49,71.47,0.49,716.26
147,CUST0026,2024-11,979.44,979.44,Japan,JPY,145.0578,6.75,6.75,979.44,6.75,1221.8200000000002
153,CUST0026,2024-12,553.29,553.29,USA,USD,1.0768,513.83,513.83,553.29,513.83,1604.1999999999998
145,CUST0026,2025-01,408.03,408.03,Canada,CAD,1.3603,299.96,299.96,408.03,299.96,1940.7600000000002
146,CUST0026,2025-02,818.42,864.9699999999999,Canada,CAD,1.3389,611.26,654.5699999999999,432.48499999999996,327.28499999999997,1779.7399999999998
151,CUST0026,2025-02,46.55,864.9699999999999,USA,USD,1.0749,43.31,654.5699999999999,432.48499999999996,327.28499999999997,1273.0
157,CUST0027,2024-04,203.05,811.8599999999999,UK,GBP,0.7827,259.42,826.76,405.92999999999995,413.38,203.05
159,CUST0027,2024-04,608.81,811.8599999999999,USA,USD,1.0731,567.34,826.76,405.92999999999995,413.38,811.8599999999999
158,CUST0027,2024-09,660.39,660.39,Canada,CAD,1.3743,480.53,480.53,660.39,480.53,1472.25
155,CUST0027,2025-01,64.46,674.85,USA,USD,1.0704,60.22,64.47,337.425,32.235,1335.24
156,CUST0027,2025-01,610.39,674.85,Japan,JPY,143.7817,4.25,64.47,337.425,32.235,1879.59
169,CUST0028,2024-04,730.92,730.92,Japan,JPY,143.1242,5.11,5.11,730.92,5.11,730.92
161,CUST0028,2024-07,796.27,1789.8400000000001,Japan,JPY,142.751,5.58,12.54,894.9200000000001,6.27,2520.76
164,CUST0028,2024-07,993.57,1789.8400000000001,Japan,JPY,142.751,6.96,12.54,894.9200000000001,6.27,1724.49
162,CUST0028,2024-08,715.88,1477.1599999999999,Japan,JPY,146.9078,4.87,717.08,738.5799999999999,358.54,2505.72
165,CUST0028,2024-08,761.28,1477.1599999999999,USA,USD,1.0689,712.21,717.08,738.5799999999999,358.54,2273.43
168,CUST0028,2024-11,390.87,390.87,Japan,JPY,145.0578,2.69,2.69,390.87,2.69,1868.03
163,CUST0028,2024-12,913.76,1391.12,USA,USD,1.0768,848.59,1412.54,463.70666666666665,470.84666666666664,1391.12
166,CUST0028,2024-12,136.34,1391.12,Germany,EUR,1.0,136.34,1412.54,463.70666666666665,470.84666666666664,868.23
167,CUST0028,2024-12,341.02,1391.12,UK,GBP,0.7975,427.61,1412.54,463.70666666666665,470.84666666666664,1493.17
160,CUST0028,2025-01,233.19,233.19,UK,GBP,0.784,297.44,297.44,233.19,297.44,1283.29
170,CUST0029,2024-02,34.18,34.18,Japan,JPY,144.6804,0.24,0.24,34.18,0.24,34.18
171,CUST0029,2024-08,310.22,403.49,Germany,EUR,1.0,310.22,380.04,201.745,190.02,344.40000000000003
172,CUST0029,2024-08,93.27,403.49,Canada,CAD,1.3358,69.82,380.04,201.745,190.02,437.67
173,CUST0030,2024-06,161.59,161.59,Canada,CAD,1.327,121.77,121.77,161.59,121.77,161.59
175,CUST0030,2024-10,683.09,683.09,Canada,CAD,1.3471,507.08,507.08,683.09,507.08,844.6800000000001
174,CUST0030,2024-11,995.14,995.14,UK,GBP,0.7946,1252.38,1252.38,995.14,1252.38,1839.8200000000002
176,CUST0031,2024-12,431.25,431.25,Germany,EUR,1.0,431.25,431.25,431.25,431.25,431.25
182,CUST0032,2024-07,492.31,492.31,USA,USD,1.0741,458.35,458.35,492.31,458.35,492.31
180,CUST0032,2024-08,856.66,972.75,UK,GBP,0.7987,1072.57,1073.36,486.375,536.68,1465.06
183,CUST0032,2024-08,116.09,972.75,Japan,JPY,146.9078,0.79,1073.36,486.375,536.68,608.4
179,CUST0032,2024-09,549.98,549.98,Japan,JPY,143.2724,3.84,3.84,549.98,3.84,1522.73
181,CUST0032,2024-10,772.81,772.81,Canada,CAD,1.3471,573.68,573.68,772.81,573.68,2179.45
177,CUST0032,2024-11,156.75,156.75,Germany,EUR,1.0,156.75,156.75,156.75,156.75,1479.54
178,CUST0032,2024-12,787.5,787.5,Japan,JPY,147.6806,5.33,5.33,787.5,5.33,1717.06
184,CUST0032,2025-01,371.45,371.45,Germany,EUR,1.0,371.45,371.45,371.45,371.45,1315.7
185,CUST0033,2024-08,58.04,58.04,USA,USD,1.0689,54.3,54.3,58.04,54.3,58.04
186,CUST0033,2024-09,338.59,338.59,USA,USD,1.0685,316.88,316.88,338.59,316.88,396.63
188,CUST0033,2025-01,130.31,130.31,Canada,CAD,1.3603,95.8,95.8,130.31,95.8,526.94
187,CUST0033,2025-02,414.6,414.6,Germany,EUR,1.0,414.6,414.6,414.6,414.6,883.5
192,CUST0034,2024-03,593.21,593.21,Germany,EUR,1.0,593.21,593.21,593.21,593.21,593.21
189,CUST0034,2024-06,660.68,660.68,Canada,CAD,1.327,497.87,497.87,660.68,497.87,1253.8899999999999
190,CUST0034,2024-08,630.79,992.92,Japan,JPY,146.9078,4.29,457.69,496.46,228.845,1653.6
191,CUST0034,2024-08,362.13,992.92,UK,GBP,0.7987,453.4,457.69,496.46,228.845,1616.02
193,CUST0034,2024-09,384.58,384.58,USA,USD,1.0685,359.93,359.93,384.58,359.93,1377.5
194,CUST0034,2024-12,800.37,800.37,USA,USD,1.0768,743.29,743.29,800.37,743.29,1815.7399999999998
195,CUST0034,2025-01,41.8,41.8,UK,GBP,0.784,53.32,53.32,41.8,53.32,1226.75
201,CUST0035,2024-02,605.16,605.16,Germany,EUR,1.0,605.16,605.16,605.16,605.16,605.16
203,CUST0035,2024-03,771.42,771.42,UK,GBP,0.7882,978.71,978.71,771.42,978.71,1376.58
196,CUST0035,2024-05,937.57,937.57,Japan,JPY,143.3017,6.54,6.54,937.57,6.54,2314.15
197,CUST0035,2024-06,387.51,387.51,USA,USD,1.0817,358.24,358.24,387.51,358.24,2096.5
198,CUST0035,2024-08,485.71,1130.21,Germany,EUR,1.0,485.71,968.19,565.105,484.095,1517.7199999999998
199,CUST0035,2024-08,644.5,1130.21,Canada,CAD,1.3358,482.48,968.19,565.105,484.095,1969.58
200,CUST0035,2024-09,30.81,30.81,Germany,EUR,1.0,30.81,30.81,30.81,30.81,1161.02
202,CUST0035,2024-12,882.91,882.91,Japan,JPY,147.6806,5.98,5.98,882.91,5.98,1399.4299999999998
204,CUST0036,2024-09,955.71,955.71,Japan,JPY,143.2724,6.67,6.67,955.71,6.67,955.71
205,CUST0037,2024-03,601.8,601.8,Canada,CAD,1.3751,437.64,437.64,601.8,437.64,601.8
206,CUST0037,2024-04,714.05,714.05,Canada,CAD,1.3341,535.23,535.23,714.05,535.23,1315.85
207,CUST0037,2024-05,12.55,12.55,Japan,JPY,143.3017,0.09,0.09,12.55,0.09,1328.3999999999999
209,CUST0037,2024-08,714.33,714.33,Japan,JPY,146.9078,4.86,4.86,714.33,4.86,1440.9299999999998
208,CUST0037,2025-01,241.19,241.19,Canada,CAD,1.3603,177.31,177.31,241.19,177.31,968.0699999999999
210,CUST0038,2024-05,420.19,420.19,USA,USD,1.0678,393.51,393.51,420.19,393.51,420.19
211,CUST0038,2024-10,250.85,250.85,Japan,JPY,145.2978,1.73,1.73,250.85,1.73,671.04
212,CUST0038,2025-02,21.94,21.94,USA,USD,1.0749,20.41,20.41,21.94,20.41,692.98
216,CUST0039,2024-03,794.37,794.37,Canada,CAD,1.3751,577.68,577.68,794.37,577.68,794.37
214,CUST0039,2024-06,111.05,111.05,UK,GBP,0.7857,141.34,141.34,111.05,141.34,905.42
213,CUST0039,2024-08,96.2,96.2,Japan,JPY,146.9078,0.65,0.65,96.2,0.65,1001.62
215,CUST0039,2024-12,835.89,835.89,USA,USD,1.0768,776.27,776.27,835.89,776.27,1043.1399999999999
217,CUST0039,2025-02,311.94,311.94,Germany,EUR,1.0,311.94,311.94,311.94,311.94,1244.03
220,CUST0040,2024-03,26.66,26.66,Canada,CAD,1.3751,19.39,19.39,26.66,19.39,26.66
222,CUST0040,2024-09,540.01,540.01,UK,GBP,0.8052,670.65,670.65,540.01,670.65,566.67
219,CUST0040,2024-11,606.39,1557.98,UK,GBP,0.7946,763.14,769.6999999999999,778.99,384.84999999999997,2097.99
223,CUST0040,2024-11,951.59,1557.98,Japan,JPY,145.0578,6.56,769.6999999999999,778.99,384.84999999999997,1518.26
221,CUST0040,2024-12,332.69,332.69,Japan,JPY,147.6806,2.25,2.25,332.69,2.25,1890.67
218,CUST0040,2025-01,913.55,913.55,UK,GBP,0.784,1165.24,1165.24,913.55,1165.24,1852.6299999999999
225,CUST0041,2024-04,202.63,202.63,UK,GBP,0.7827,258.89,258.89,202.63,258.89,202.63
227,CUST0041,2024-09,837.53,837.53,Germany,EUR,1.0,837.53,837.53,837.53,837.53,1040.1599999999999
224,CUST0041,2024-11,763.08,1285.35,Canada,CAD,1.352,564.41,983.22,428.45,327.74,1803.24
226,CUST0041,2024-11,397.39,1285.35,Canada,CAD,1.352,293.93,983.22,428.45,327.74,1998.0
229,CUST0041,2024-11,124.88,1285.35,Germany,EUR,1.0,124.88,983.22,428.45,327.74,1285.35
228,CUST0041,2025-01,749.73,749.73,Canada,CAD,1.3603,551.15,551.15,749.73,551.15,1272.0
230,CUST0042,2024-03,394.37,394.37,UK,GBP,0.7882,500.34,500.34,394.37,500.34,394.37
239,CUST0042,2024-04,735.62,735.62,USA,USD,1.0731,685.51,685.51,735.62,685.51,1129.99
238,CUST0042,2024-07,899.75,899.75,Japan,JPY,142.751,6.3,6.3,899.75,6.3,2029.74
233,CUST0042,2024-08,453.95,453.95,UK,GBP,0.7987,568.36,568.36,453.95,568.36,2089.3199999999997
231,CUST0042,2024-09,632.2,1166.75,USA,USD,1.0685,591.67,855.5899999999999,388.9166666666667,285.19666666666666,1166.75
235,CUST0042,2024-09,262.02,1166.75,Germany,EUR,1.0,262.02,855.5899999999999,388.9166666666667,285.19666666666666,988.5
236,CUST0042,2024-09,272.53,1166.75,Japan,JPY,143.2724,1.9,855.5899999999999,388.9166666666667,285.19666666666666,1626.23
237,CUST0042,2024-12,847.09,847.09,Japan,JPY,147.6806,5.74,5.74,847.09,5.74,1741.31
234,CUST0042,2025-01,25.16,25.16,UK,GBP,0.784,32.09,32.09,25.16,32.09,1504.45
232,CUST0042,2025-02,813.16,813.16,USA,USD,1.0749,756.5,756.5,813.16,756.5,1685.4099999999999
240,CUST0043,2024-10,370.09,748.5799999999999,Canada,CAD,1.3471,274.73,277.33000000000004,374.28999999999996,138.66500000000002,370.09
241,CUST0043,2024-10,378.49,748.5799999999999,Japan,JPY,145.2978,2.6,277.33000000000004,374.28999999999996,138.66500000000002,748.5799999999999
242,CUST0043,2024-11,756.03,756.03,UK,GBP,0.7946,951.46,951.46,756.03,951.46,1504.61
244,CUST0044,2024-02,363.46,363.46,Japan,JPY,144.6804,2.51,2.51,363.46,2.51,363.46
243,CUST0044,2024-03,295.78,336.30999999999995,UK,GBP,0.7882,375.26,426.68,168.15499999999997,213.34,659.24
247,CUST0044,2024-03,40.53,336.30999999999995,UK,GBP,0.7882,51.42,426.68,168.15499999999997,213.34,699.77
246,CUST0044,2024-07,61.82,1022.1400000000001,USA,USD,1.0741,57.56,1017.8800000000001,511.07000000000005,508.94000000000005,398.13
248,CUST0044,2024-07,960.32,1022.1400000000001,Germany,EUR,1.0,960.32,1017.8800000000001,511.07000000000005,508.94000000000005,1062.67
245,CUST0044,2024-11,688.16,688.16,Japan,JPY,145.0578,4.74,4.74,688.16,4.74,1710.3000000000002
249,CUST0044,2025-02,989.74,989.74,Germany,EUR,1.0,989.74,989.74,989.74,989.74,2638.2200000000003
251,CUST0045,2024-04,814.15,814.15,Canada,CAD,1.3341,610.26,610.26,814.15,610.26,814.15
250,CUST0045,2025-02,982.08,982.08,Japan,JPY,142.6009,6.89,6.89,982.08,6.89,1796.23
252,CUST0046,2024-10,595.38,595.38,USA,USD,1.0586,562.42,562.42,595.38,562.42,595.38
253,CUST0046,2024-11,440.87,440.87,Germany,EUR,1.0,440.87,440.87,440.87,440.87,1036.25
254,CUST0047,2024-10,671.05,671.05,USA,USD,1.0586,633.9,633.9,671.05,633.9,671.05
258,CUST0048,2024-06,316.46,528.51,UK,GBP,0.7857,402.77,598.8,264.255,299.4,316.46
259,CUST0048,2024-06,212.05,528.51,USA,USD,1.0817,196.03,598.8,264.255,299.4,528.51
263,CUST0048,2024-07,820.09,820.09,Japan,JPY,142.751,5.74,5.74,820.09,5.74,1348.6
257,CUST0048,2024-10,82.17,82.17,UK,GBP,0.7891,104.13,104.13,82.17,104.13,1114.31
255,CUST0048,2024-11,663.65,663.65,USA,USD,1.0805,614.21,614.21,663.65,614.21,1565.9099999999999
260,CUST0048,2024-12,244.28,244.28,USA,USD,1.0768,226.86,226.86,244.28,226.86,990.0999999999999
256,CUST0048,2025-01,615.0,1585.3899999999999,Canada,CAD,1.3603,452.11,458.86,792.6949999999999,229.43,1829.67
261,CUST0048,2025-01,970.39,1585.3899999999999,Japan,JPY,143.7817,6.75,458.86,792.6949999999999,229.43,1878.32
262,CUST0048,2025-02,517.14,517.14,Canada,CAD,1.3389,386.24,386.24,517.14,386.24,2102.5299999999997
264,CUST0049,2024-03,716.48,716.48,Canada,CAD,1.3751,521.04,521.04,716.48,521.04,716.48
265,CUST0049,2024-11,504.79,504.79,USA,USD,1.0805,467.18,467.18,504.79,467.18,1221.27
267,CUST0050,2024-02,785.85,1641.6,UK,GBP,0.8024,979.37,1759.38,820.8,879.69,785.85
268,CUST0050,2024-02,855.75,1641.6,USA,USD,1.0971,780.01,1759.38,820.8,879.69,1641.6
271,CUST0050,2024-04,183.45,183.45,USA,USD,1.0731,170.95,170.95,183.45,170.95,1825.05
270,CUST0050,2024-06,135.2,1761.3899999999999,Canada,CAD,1.327,101.88,1512.6599999999999,587.13,504.21999999999997,1761.39
272,CUST0050,2024-06,752.05,1761.3899999999999,Germany,EUR,1.0,752.05,1512.6599999999999,587.13,504.21999999999997,1809.64
274,CUST0050,2024-06,874.14,1761.3899999999999,Canada,CAD,1.327,658.73,1512.6599999999999,587.13,504.21999999999997,1913.34
269,CUST0050,2024-08,985.14,985.14,Japan,JPY,146.9078,6.71,6.71,985.14,6.71,1872.3899999999999
273,CUST0050,2024-10,816.47,816.47,Japan,JPY,145.2978,5.62,5.62,816.47,5.62,1936.81
275,CUST0050,2025-01,18.51,18.51,Canada,CAD,1.3603,13.61,13.61,18.51,13.61,1820.12
266,CUST0050,2025-02,434.97,434.97,Canada,CAD,1.3389,324.87,324.87,434.97,324.87,1269.95
278,CUST0051,2024-04,589.63,589.63,Germany,EUR,1.0,589.63,589.63,589.63,589.63,589.63
277,CUST0051,2024-06,522.35,522.35,Germany,EUR,1.0,522.35,522.35,522.35,522.35,1111.98
280,CUST0051,2024-10,242.34,242.34,Canada,CAD,1.3471,179.9,179.9,242.34,179.9,1354.32
279,CUST0051,2024-11,500.91,500.91,Japan,JPY,145.0578,3.45,3.45,500.91,3.45,1265.6
276,CUST0051,2025-02,130.85,130.85,USA,USD,1.0749,121.73,121.73,130.85,121.73,874.1
287,CUST0052,2024-04,877.31,877.31,Germany,EUR,1.0,877.31,877.31,877.31,877.31,877.31
286,CUST0052,2024-05,201.98,201.98,Germany,EUR,1.0,201.98,201.98,201.98,201.98,1079.29
282,CUST0052,2024-06,415.35,1378.37,UK,GBP,0.7857,528.64,1754.3200000000002,689.185,877.1600000000001,1494.6399999999999
283,CUST0052,2024-06,963.02,1378.37,UK,GBP,0.7857,1225.68,1754.3200000000002,689.185,877.1600000000001,1580.35
281,CUST0052,2024-09,380.99,380.99,UK,GBP,0.8052,473.16,473.16,380.99,473.16,1759.3600000000001
284,CUST0052,2024-10,547.4,547.4,Germany,EUR,1.0,547.4,547.4,547.4,547.4,1891.41
285,CUST0052,2024-12,531.51,531.51,Canada,CAD,1.3423,395.97,395.97,531.51,395.97,1459.9
293,CUST0053,2024-05,122.31,122.31,USA,USD,1.0678,114.54,114.54,122.31,114.54,122.31
289,CUST0053,2024-06,451.68,451.68,Canada,CAD,1.327,340.38,340.38,451.68,340.38,573.99
291,CUST0053,2024-07,268.58,288.9,Germany,EUR,1.0,268.58,288.9,144.45,144.45,842.5699999999999
294,CUST0053,2024-07,20.32,288.9,Germany,EUR,1.0,20.32,288.9,144.45,144.45,740.58
288,CUST0053,2024-11,928.87,1580.35,Germany,EUR,1.0,928.87,1580.35,790.175,790.175,1217.77
292,CUST0053,2024-11,651.48,1580.35,Germany,EUR,1.0,651.48,1580.35,790.175,790.175,1600.67
290,CUST0053,2024-12,19.25,19.25,Germany,EUR,1.0,19.25,19.25,19.25,19.25,1599.6
297,CUST0054,2024-04,129.17,129.17,Japan,JPY,143.1242,0.9,0.9,129.17,0.9,129.17
299,CUST0054,2024-05,662.33,662.33,Japan,JPY,143.3017,4.62,4.62,662.33,4.62,791.5
296,CUST0054,2024-06,193.28,843.73,Japan,JPY,143.6044,1.35,602.6700000000001,421.865,301.33500000000004,984.78
298,CUST0054,2024-06,650.45,843.73,USA,USD,1.0817,601.32,602.6700000000001,421.865,301.33500000000004,1506.06
295,CUST0054,2024-11,240.61,240.61,Japan,JPY,145.0578,1.66,1.66,240.61,1.66,1084.3400000000001
302,CUST0055,2024-03,190.07,190.07,Japan,JPY,145.5988,1.31,1.31,190.07,1.31,190.07
300,CUST0055,2024-04,293.85,1537.23,Germany,EUR,1.0,293.85,1225.85,512.41,408.6166666666666,1537.23
305,CUST0055,2024-04,427.27,1537.23,Canada,CAD,1.3341,320.27,1225.85,512.41,408.6166666666666,617.3399999999999
306,CUST0055,2024-04,816.11,1537.23,Canada,CAD,1.3341,611.73,1225.85,512.41,408.6166666666666,1433.45
301,CUST0055,2024-05,404.06,404.06,Japan,JPY,143.3017,2.82,2.82,404.06,2.82,1514.0200000000002
303,CUST0055,2024-08,565.94,565.94,Japan,JPY,146.9078,3.85,3.85,565.94,3.85,1263.8500000000001
307,CUST0055,2024-10,264.15,264.15,Germany,EUR,1.0,264.15,264.15,264.15,264.15,1234.15
304,CUST0055,2024-11,43.68,43.68,Canada,CAD,1.352,32.31,32.31,43.68,32.31,873.7700000000001
309,CUST0056,2024-03,694.25,694.25,Japan,JPY,145.5988,4.77,4.77,694.25,4.77,694.25
310,CUST0056,2024-05,116.47,116.47,USA,USD,1.0678,109.07,109.07,116.47,109.07,810.72
308,CUST0056,2024-11,826.54,826.54,UK,GBP,0.7946,1040.2,1040.2,826.54,1040.2,1637.26
311,CUST0056,2025-01,336.89,336.89,Germany,EUR,1.0,336.89,336.89,336.89,336.89,1279.9
315,CUST0057,2024-03,340.52,340.52,USA,USD,1.0754,316.64,316.64,340.52,316.64,340.52
320,CUST0057,2024-04,108.83,108.83,Canada,CAD,1.3341,81.58,81.58,108.83,81.58,449.34999999999997
314,CUST0057,2024-06,112.42,112.42,Germany,EUR,1.0,112.42,112.42,112.42,112.42,561.77
317,CUST0057,2024-07,835.22,835.22,USA,USD,1.0741,777.6,777.6,835.22,777.6,1056.47
319,CUST0057,2024-08,995.85,995.85,Japan,JPY,146.9078,6.78,6.78,995.85,6.78,1943.49
316,CUST0057,2024-10,477.16,477.16,UK,GBP,0.7891,604.69,604.69,477.16,604.69,2308.23
313,CUST0057,2025-01,217.1,1170.18,Japan,JPY,143.7817,1.51,891.91,585.09,445.955,1647.34
318,CUST0057,2025-01,953.08,1170.18,USA,USD,1.0704,890.4,891.91,585.09,445.955,2426.09
312,CUST0057,2025-02,336.76,336.76,USA,USD,1.0749,313.29,313.29,336.76,313.29,1506.94
321,CUST0058,2024-06,274.52,274.52,Canada,CAD,1.327,206.87,206.87,274.52,206.87,274.52
331,CUST0059,2024-02,150.38,150.38,Germany,EUR,1.0,150.38,150.38,150.38,150.38,150.38
322,CUST0059,2024-03,487.5,1122.78,Germany,EUR,1.0,487.5,1078.24,561.39,539.12,637.88
328,CUST0059,2024-03,635.28,1122.78,USA,USD,1.0754,590.74,1078.24,561.39,539.12,1273.1599999999999
325,CUST0059,2024-05,489.76,489.76,Japan,JPY,143.3017,3.42,3.42,489.76,3.42,1612.54
324,CUST0059,2024-06,335.28,720.98,Germany,EUR,1.0,335.28,337.96999999999997,360.49,168.98499999999999,1210.74
329,CUST0059,2024-06,385.7,720.98,Japan,JPY,143.6044,2.69,337.96999999999997,360.49,168.98499999999999,1510.7399999999998
323,CUST0059,2024-10,87.51,87.51,Japan,JPY,145.2978,0.6,0.6,87.51,0.6,808.49
326,CUST0059,2024-12,99.12,99.12,UK,GBP,0.7975,124.29,124.29,99.12,124.29,521.91
327,CUST0059,2025-01,286.79,1095.52,Germany,EUR,1.0,286.79,1042.33,547.76,521.165,473.42
330,CUST0059,2025-01,808.73,1095.52,USA,USD,1.0704,755.54,1042.33,547.76,521.165,1194.64
332,CUST0060,2024-08,576.14,576.14,Germany,EUR,1.0,576.14,576.14,576.14,576.14,576.14
333,CUST0060,2024-09,120.78,120.78,USA,USD,1.0685,113.04,113.04,120.78,113.04,696.92
334,CUST0061,2024-04,780.73,780.73,Germany,EUR,1.0,780.73,780.73,780.73,780.73,780.73
343,CUST0061,2024-05,460.94,460.94,USA,USD,1.0678,431.67,431.67,460.94,431.67,1241.67
341,CUST0061,2024-09,912.48,912.48,UK,GBP,0.8052,1133.23,1133.23,912.48,1133.23,2154.15
339,CUST0061,2024-10,787.58,1430.31,Canada,CAD,1.3471,584.65,589.0699999999999,715.155,294.53499999999997,2161.0
342,CUST0061,2024-10,642.73,1430.31,Japan,JPY,145.2978,4.42,589.0699999999999,715.155,294.53499999999997,2342.79
336,CUST0061,2024-11,864.42,1514.1,Canada,CAD,1.352,639.36,1119.8899999999999,757.05,559.9449999999999,2294.73
337,CUST0061,2024-11,649.68,1514.1,Canada,CAD,1.352,480.53,1119.8899999999999,757.05,559.9449999999999,2156.83
335,CUST0061,2024-12,879.15,964.36,Canada,CAD,1.3423,654.96,761.8100000000001,482.18,380.90500000000003,2393.25
340,CUST0061,2024-12,85.21,964.36,UK,GBP,0.7975,106.85,761.8100000000001,482.18,380.90500000000003,1614.04
338,CUST0061,2025-02,933.86,933.86,Canada,CAD,1.3389,697.48,697.48,933.86,697.48,1898.22
344,CUST0062,2024-04,489.04,1325.14,Canada,CAD,1.3341,366.57,372.40999999999997,662.57,186.20499999999998,489.04
346,CUST0062,2024-04,836.1,1325.14,Japan,JPY,143.1242,5.84,372.40999999999997,662.57,186.20499999999998,1325.14
345,CUST0062,2024-08,378.23,378.23,Germany,EUR,1.0,378.23,378.23,378.23,378.23,1703.37
347,CUST0063,2024-09,38.01,38.01,Canada,CAD,1.3743,27.66,27.66,38.01,27.66,38.01
349,CUST0064,2024-02,146.15,146.15,USA,USD,1.0971,133.21,133.21,146.15,133.21,146.15
348,CUST0064,2024-05,933.21,933.21,Japan,JPY,143.3017,6.51,6.51,933.21,6.51,1079.3600000000001
351,CUST0064,2024-07,749.94,801.44,Germany,EUR,1.0,749.94,815.73,400.72,407.865,1829.3000000000002
352,CUST0064,2024-07,51.5,801.44,UK,GBP,0.7828,65.79,815.73,400.72,407.865,1734.65
350,CUST0064,2024-09,855.52,855.52,USA,USD,1.0685,800.67,800.67,855.52,800.67,1656.96
356,CUST0065,2024-06,810.49,1170.54,Japan,JPY,143.6044,5.64,338.5,585.27,169.25,1170.54
357,CUST0065,2024-06,360.05,1170.54,USA,USD,1.0817,332.86,338.5,585.27,169.25,360.05
359,CUST0065,2024-07,211.6,211.6,Canada,CAD,1.3625,155.3,155.3,211.6,155.3,1382.1399999999999
358,CUST0065,2024-10,113.02,113.02,USA,USD,1.0586,106.76,106.76,113.02,106.76,1135.11
354,CUST0065,2024-11,997.37,997.37,Japan,JPY,145.0578,6.88,6.88,997.37,6.88,1321.99
360,CUST0065,2024-12,618.32,618.32,UK,GBP,0.7975,775.32,775.32,618.32,775.32,1728.71
355,CUST0065,2025-01,479.66,479.66,Germany,EUR,1.0,479.66,479.66,479.66,479.66,2095.3500000000004
353,CUST0065,2025-02,550.59,550.59,Germany,EUR,1.0,550.59,550.59,550.59,550.59,1648.5700000000002
361,CUST0066,2024-03,403.59,956.88,Canada,CAD,1.3751,293.5,604.3199999999999,318.96,201.43999999999997,713.5699999999999
363,CUST0066,2024-03,309.98,956.88,Japan,JPY,145.5988,2.13,604.3199999999999,318.96,201.43999999999997,309.98
364,CUST0066,2024-03,243.31,956.88,UK,GBP,0.7882,308.69,604.3199999999999,318.96,201.43999999999997,956.88
362,CUST0066,2024-05,893.78,1605.6,Japan,JPY,143.3017,6.24,536.34,802.8,268.17,1540.6799999999998
366,CUST0066,2024-05,711.82,1605.6,Canada,CAD,1.3428,530.1,536.34,802.8,268.17,1848.91
365,CUST0066,2024-12,575.09,575.09,Japan,JPY,147.6806,3.89,3.89,575.09,3.89,2180.69
367,CUST0067,2024-03,260.43,260.43,USA,USD,1.0754,242.17,242.17,260.43,242.17,260.43
368,CUST0067,2024-09,103.91,103.91,Japan,JPY,143.2724,0.73,0.73,103.91,0.73,364.34000000000003
373,CUST0068,2024-05,39.51,39.51,Germany,EUR,1.0,39.51,39.51,39.51,39.51,39.51
376,CUST0068,2024-06,523.02,523.02,UK,GBP,0.7857,665.67,665.67,523.02,665.67,562.53
371,CUST0068,2024-07,468.54,468.54,Canada,CAD,1.3625,343.88,343.88,468.54,343.88,1031.07
372,CUST0068,2024-09,179.15,479.62,Japan,JPY,143.2724,1.25,3.35,239.81,1.675,948.1600000000001
374,CUST0068,2024-09,300.47,479.62,Japan,JPY,143.2724,2.1,3.35,239.81,1.675,1292.03
370,CUST0068,2024-12,266.16,266.16,USA,USD,1.0768,247.18,247.18,266.16,247.18,745.78
369,CUST0068,2025-01,13.31,860.51,USA,USD,1.0704,12.43,803.91,430.255,401.955,458.62
375,CUST0068,2025-01,847.2,860.51,USA,USD,1.0704,791.48,803.91,430.255,401.955,1126.67
379,CUST0069,2024-07,862.82,862.82,Canada,CAD,1.3625,633.26,633.26,862.82,633.26,862.82
378,CUST0069,2024-12,424.56,424.56,Canada,CAD,1.3423,316.29,316.29,424.56,316.29,1287.38
377,CUST0069,2025-01,258.28,258.28,Japan,JPY,143.7817,1.8,1.8,258.28,1.8,1545.66
380,CUST0070,2024-09,105.4,105.4,Japan,JPY,143.2724,0.74,0.74,105.4,0.74,105.4
385,CUST0071,2024-02,802.83,802.83,Canada,CAD,1.3427,597.92,597.92,802.83,597.92,802.83
383,CUST0071,2024-03,243.36,243.36,Canada,CAD,1.3751,176.98,176.98,243.36,176.98,1046.19
381,CUST0071,2024-06,622.28,1687.23,Canada,CAD,1.327,468.94,720.16,562.41,240.0533333333333,1664.8700000000001
382,CUST0071,2024-06,265.72,1687.23,USA,USD,1.0817,245.65,720.16,562.41,240.0533333333333,1687.23
384,CUST0071,2024-06,799.23,1687.23,Japan,JPY,143.6044,5.57,720.16,562.41,240.0533333333333,1845.42
395,CUST0072,2024-03,987.55,987.55,Germany,EUR,1.0,987.55,987.55,987.55,987.55,987.55
387,CUST0072,2024-04,411.16,411.16,USA,USD,1.0731,383.15,383.15,411.16,383.15,1398.71
388,CUST0072,2024-05,710.95,2602.01,USA,USD,1.0678,665.81,679.01,867.3366666666667,226.33666666666667,2063.3500000000004
391,CUST0072,2024-05,941.24,2602.01,Japan,JPY,143.3017,6.57,679.01,867.3366666666667,226.33666666666667,2339.95
393,CUST0072,2024-05,949.82,2602.01,Japan,JPY,143.3017,6.63,679.01,867.3366666666667,226.33666666666667,2602.01
386,CUST0072,2024-07,345.73,481.96000000000004,USA,USD,1.0741,321.88,322.83,240.98000000000002,161.415,2006.5
394,CUST0072,2024-07,136.23,481.96000000000004,Japan,JPY,142.751,0.95,322.83,240.98000000000002,161.415,1431.78
389,CUST0072,2024-08,300.46,300.46,Germany,EUR,1.0,300.46,300.46,300.46,300.46,782.42
392,CUST0072,2024-09,492.48,492.48,Japan,JPY,143.2724,3.44,3.44,492.48,3.44,929.17
390,CUST0072,2025-01,434.66,434.66,Canada,CAD,1.3603,319.53,319.53,434.66,319.53,1227.6
396,CUST0073,2024-02,211.79,211.79,Germany,EUR,1.0,211.79,211.79,211.79,211.79,211.79
398,CUST0073,2024-05,991.11,991.11,USA,USD,1.0678,928.18,928.18,991.11,928.18,1202.9
399,CUST0073,2024-09,386.3,1596.24,Germany,EUR,1.0,386.3,909.4300000000001,399.06,227.35750000000002,1100.49
400,CUST0073,2024-09,382.29,1596.24,Canada,CAD,1.3743,278.17,909.4300000000001,399.06,227.35750000000002,1705.3
404,CUST0073,2024-09,495.75,1596.24,Japan,JPY,143.2724,3.46,909.4300000000001,399.06,227.35750000000002,1264.3400000000001
405,CUST0073,2024-09,331.9,1596.24,Canada,CAD,1.3743,241.5,909.4300000000001,399.06,227.35750000000002,1534.8
401,CUST0073,2024-11,129.75,682.23,Germany,EUR,1.0,129.75,682.23,341.115,341.115,1011.8000000000001
402,CUST0073,2024-11,552.48,682.23,Germany,EUR,1.0,552.48,682.23,341.115,341.115,1177.98
397,CUST0073,2025-01,410.75,1167.35,Germany,EUR,1.0,410.75,1167.35,583.675,583.675,1092.98
403,CUST0073,2025-01,756.6,1167.35,Germany,EUR,1.0,756.6,1167.35,583.675,583.675,1719.83
408,CUST0074,2024-04,970.47,970.47,Germany,EUR,1.0,970.47,970.47,970.47,970.47,970.47
407,CUST0074,2024-07,316.27,316.27,Canada,CAD,1.3625,232.12,232.12,316.27,232.12,1286.74
406,CUST0074,2025-01,296.35,296.35,UK,GBP,0.784,378.0,378.0,296.35,378.0,1583.0900000000001
415,CUST0075,2024-03,773.97,773.97,Canada,CAD,1.3751,562.85,562.85,773.97,562.85,773.97
409,CUST0075,2024-06,476.52,2378.04,Japan,JPY,143.6044,3.32,2159.15,792.68,719.7166666666667,1250.49
412,CUST0075,2024-06,932.39,2378.04,UK,GBP,0.7857,1186.7,2159.15,792.68,719.7166666666667,2182.88
416,CUST0075,2024-06,969.13,2378.04,Germany,EUR,1.0,969.13,2159.15,792.68,719.7166666666667,2378.04
411,CUST0075,2024-10,493.06,1191.74,USA,USD,1.0586,465.77,1164.4499999999998,595.87,582.2249999999999,2160.87
413,CUST0075,2024-10,698.68,1191.74,Germany,EUR,1.0,698.68,1164.4499999999998,595.87,582.2249999999999,2600.2
410,CUST0075,2025-01,506.73,604.22,USA,USD,1.0704,473.4,474.08,302.11,237.04,1097.28
414,CUST0075,2025-01,97.49,604.22,Japan,JPY,143.7817,0.68,474.08,302.11,237.04,1289.23
417,CUST0075,2025-02,147.57,147.57,UK,GBP,0.7806,189.05,189.05,147.57,189.05,751.7900000000001
419,CUST0076,2024-05,756.7,756.7,UK,GBP,0.8028,942.58,942.58,756.7,942.58,756.7
425,CUST0076,2024-07,273.68,273.68,Germany,EUR,1.0,273.68,273.68,273.68,273.68,1030.38
420,CUST0076,2024-10,201.44,201.44,Canada,CAD,1.3471,149.54,149.54,201.44,149.54,1231.8200000000002
418,CUST0076,2024-11,909.3,1509.4299999999998,UK,GBP,0.7946,1144.35,1646.31,503.14333333333326,548.77,1384.42
421,CUST0076,2024-11,312.49,1509.4299999999998,USA,USD,1.0805,289.21,1646.31,503.14333333333326,548.77,1509.43
423,CUST0076,2024-11,287.64,1509.4299999999998,Canada,CAD,1.352,212.75,1646.31,503.14333333333326,548.77,1398.3799999999999
422,CUST0076,2025-02,973.82,1795.4,UK,GBP,0.7806,1247.53,1253.29,897.7,626.645,2107.8900000000003
424,CUST0076,2025-02,821.58,1795.4,Japan,JPY,142.6009,5.76,1253.29,897.7,626.645,1421.71
426,CUST0077,2024-03,691.26,1569.9,UK,GBP,0.7882,877.01,883.04,784.95,441.52,1569.9
427,CUST0077,2024-03,878.64,1569.9,Japan,JPY,145.5988,6.03,883.04,784.95,441.52,878.64
428,CUST0077,2024-11,516.85,516.85,Japan,JPY,145.0578,3.56,3.56,516.85,3.56,2086.75
429,CUST0077,2025-01,346.74,872.99,USA,USD,1.0704,323.93,327.59000000000003,436.495,163.79500000000002,1389.84
430,CUST0077,2025-01,526.25,872.99,Japan,JPY,143.7817,3.66,327.59000000000003,436.495,163.79500000000002,1734.3600000000001
431,CUST0078,2024-05,578.88,578.88,Japan,JPY,143.3017,4.04,4.04,578.88,4.04,578.88
432,CUST0078,2024-07,947.66,947.66,USA,USD,1.0741,882.28,882.28,947.66,882.28,1526.54
433,CUST0078,2024-09,419.01,419.01,UK,GBP,0.8052,520.38,520.38,419.01,520.38,1945.55
435,CUST0079,2024-06,497.0,497.0,UK,GBP,0.7857,632.56,632.56,497.0,632.56,497.0
434,CUST0079,2025-02,386.53,386.53,Canada,CAD,1.3389,288.69,288.69,386.53,288.69,883.53
438,CUST0080,2024-03,108.73,108.73,USA,USD,1.0754,101.11,101.11,108.73,101.11,108.73
436,CUST0080,2024-05,331.46,1120.06,Canada,CAD,1.3428,246.84,834.12,560.03,417.06,440.19
442,CUST0080,2024-05,788.6,1120.06,Canada,CAD,1.3428,587.28,834.12,560.03,417.06,1228.79
440,CUST0080,2024-09,410.9,786.13,UK,GBP,0.8052,510.31,783.3399999999999,393.065,391.66999999999996,1530.96
441,CUST0080,2024-09,375.23,786.13,Canada,CAD,1.3743,273.03,783.3399999999999,393.065,391.66999999999996,1574.73
437,CUST0080,2024-10,461.93,461.93,UK,GBP,0.7891,585.39,585.39,461.93,585.39,1248.0600000000002
439,CUST0080,2024-11,977.62,977.62,Japan,JPY,145.0578,6.74,6.74,977.62,6.74,1814.7800000000002
447,CUST0081,2024-03,731.94,731.94,UK,GBP,0.7882,928.62,928.62,731.94,928.62,731.94
444,CUST0081,2024-04,771.32,771.32,USA,USD,1.0731,718.78,718.78,771.32,718.78,1503.2600000000002
443,CUST0081,2024-07,913.85,913.85,Canada,CAD,1.3625,670.72,670.72,913.85,670.72,2417.11
450,CUST0081,2024-08,376.83,1784.09,UK,GBP,0.7987,471.8,1879.06,594.6966666666666,626.3533333333334,2062.0
451,CUST0081,2024-08,728.64,1784.09,Germany,EUR,1.0,728.64,1879.06,594.6966666666666,626.3533333333334,2019.32
452,CUST0081,2024-08,678.62,1784.09,Germany,EUR,1.0,678.62,1879.06,594.6966666666666,626.3533333333334,1784.0900000000001
445,CUST0081,2024-09,679.87,1185.91,Germany,EUR,1.0,679.87,1308.33,592.955,654.165,1864.53
449,CUST0081,2024-09,506.04,1185.91,UK,GBP,0.8052,628.46,1308.33,592.955,654.165,1913.3000000000002
448,CUST0081,2024-12,30.81,30.81,USA,USD,1.0768,28.61,28.61,30.81,28.61,1216.7199999999998
446,CUST0081,2025-01,13.02,13.02,USA,USD,1.0704,12.16,12.16,13.02,12.16,723.6999999999999
455,CUST0082,2024-06,266.5,266.5,USA,USD,1.0817,246.37,246.37,266.5,246.37,266.5
458,CUST0082,2024-08,839.22,839.22,Japan,JPY,146.9078,5.71,5.71,839.22,5.71,1105.72
459,CUST0082,2024-09,507.87,507.87,Germany,EUR,1.0,507.87,507.87,507.87,507.87,1613.5900000000001
457,CUST0082,2024-10,991.88,991.88,Germany,EUR,1.0,991.88,991.88,991.88,991.88,2338.9700000000003
453,CUST0082,2025-01,78.18,944.1700000000001,UK,GBP,0.784,99.72,1204.3,314.72333333333336,401.43333333333334,1577.93
454,CUST0082,2025-01,733.57,944.1700000000001,UK,GBP,0.784,935.68,1204.3,314.72333333333336,401.43333333333334,944.1700000000001
456,CUST0082,2025-01,132.42,944.1700000000001,UK,GBP,0.784,168.9,1204.3,314.72333333333336,401.43333333333334,1202.4799999999998
462,CUST0083,2024-04,430.62,430.62,Germany,EUR,1.0,430.62,430.62,430.62,430.62,430.62
463,CUST0083,2024-07,204.3,204.3,USA,USD,1.0741,190.21,190.21,204.3,190.21,634.9200000000001
464,CUST0083,2024-08,299.84,299.84,Japan,JPY,146.9078,2.04,2.04,299.84,2.04,934.76
460,CUST0083,2024-09,655.54,1611.82,UK,GBP,0.8052,814.13,1799.16,537.2733333333333,599.72,1159.6799999999998
461,CUST0083,2024-09,294.27,1611.82,UK,GBP,0.8052,365.46,1799.16,537.2733333333333,599.72,1249.65
465,CUST0083,2024-09,662.01,1611.82,USA,USD,1.0685,619.57,1799.16,537.2733333333333,599.72,1611.82
466,CUST0084,2024-03,15.36,1477.93,Canada,CAD,1.3751,11.17,1414.37,492.6433333333334,471.45666666666665,15.36
467,CUST0084,2024-03,846.7,1477.93,USA,USD,1.0754,787.33,1414.37,492.6433333333334,471.45666666666665,1477.93
468,CUST0084,2024-03,615.87,1477.93,Germany,EUR,1.0,615.87,1414.37,492.6433333333334,471.45666666666665,631.23
469,CUST0084,2024-08,257.36,1172.29,Canada,CAD,1.3358,192.66,198.89,586.145,99.445,1719.9300000000003
470,CUST0084,2024-08,914.93,1172.29,Japan,JPY,146.9078,6.23,198.89,586.145,99.445,2018.99
472,CUST0084,2024-12,139.4,139.4,Canada,CAD,1.3423,103.85,103.85,139.4,103.85,1311.69
471,CUST0084,2025-02,818.65,818.65,Japan,JPY,142.6009,5.74,5.74,818.65,5.74,1872.9799999999998
473,CUST0085,2024-05,454.23,1054.08,UK,GBP,0.8028,565.81,1012.53,527.04,506.265,454.23
474,CUST0085,2024-05,599.85,1054.08,Canada,CAD,1.3428,446.72,1012.53,527.04,506.265,1054.08
478,CUST0085,2024-06,622.02,1471.6999999999998,UK,GBP,0.7857,791.68,1641.36,735.8499999999999,820.68,1676.1
481,CUST0085,2024-06,849.68,1471.6999999999998,Germany,EUR,1.0,849.68,1641.36,735.8499999999999,820.68,2071.55
477,CUST0085,2024-07,306.19,306.19,Germany,EUR,1.0,306.19,306.19,306.19,306.19,1777.89
476,CUST0085,2024-09,105.45,105.45,USA,USD,1.0685,98.69,98.69,105.45,98.69,1261.32
475,CUST0085,2024-10,216.94,216.94,Canada,CAD,1.3471,161.04,161.04,216.94,161.04,628.5799999999999
480,CUST0085,2024-12,614.3,614.3,Japan,JPY,147.6806,4.16,4.16,614.3,4.16,936.6899999999998
479,CUST0085,2025-02,893.57,893.57,UK,GBP,0.7806,1144.72,1144.72,893.57,1144.72,1724.81
482,CUST0086,2024-04,60.16,60.16,Canada,CAD,1.3341,45.09,45.09,60.16,45.09,60.16
483,CUST0087,2024-10,785.58,785.58,Germany,EUR,1.0,785.58,785.58,785.58,785.58,785.58
490,CUST0088,2024-03,379.32,379.32,Germany,EUR,1.0,379.32,379.32,379.32,379.32,379.32
488,CUST0088,2024-07,712.27,712.27,USA,USD,1.0741,663.13,663.13,712.27,663.13,1091.59
486,CUST0088,2024-09,552.72,552.72,Japan,JPY,143.2724,3.86,3.86,552.72,3.86,1644.31
491,CUST0088,2024-10,823.96,823.96,Canada,CAD,1.3471,611.65,611.65,823.96,611.65,2088.95
484,CUST0088,2024-11,853.26,1045.11,Japan,JPY,145.0578,5.88,183.44,522.555,91.72,2229.94
489,CUST0088,2024-11,191.85,1045.11,USA,USD,1.0805,177.56,183.44,522.555,91.72,1869.07
485,CUST0088,2024-12,835.4,835.4,UK,GBP,0.7975,1047.52,1047.52,835.4,1047.52,1880.51
487,CUST0088,2025-01,430.32,430.32,Japan,JPY,143.7817,2.99,2.99,430.32,2.99,1457.57
492,CUST0089,2024-12,709.29,709.29,Japan,JPY,147.6806,4.8,4.8,709.29,4.8,709.29
493,CUST0089,2025-02,420.66,420.66,USA,USD,1.0749,391.35,391.35,420.66,391.35,1129.95
494,CUST0090,2024-03,356.25,454.28,Canada,CAD,1.3751,259.07,350.23,227.14,175.115,454.28
499,CUST0090,2024-03,98.03,454.28,USA,USD,1.0754,91.16,350.23,227.14,175.115,98.03
495,CUST0090,2024-04,702.37,1085.57,Germany,EUR,1.0,702.37,989.6,542.785,494.8,1156.65
497,CUST0090,2024-04,383.2,1085.57,Canada,CAD,1.3341,287.23,989.6,542.785,494.8,1441.82
498,CUST0090,2024-05,978.54,1165.01,Canada,CAD,1.3428,728.73,915.2,582.505,457.6,1548.21
500,CUST0090,2024-05,186.47,1165.01,Germany,EUR,1.0,186.47,915.2,582.505,457.6,1272.04
496,CUST0090,2024-07,893.83,893.83,UK,GBP,0.7828,1141.84,1141.84,893.83,1141.84,2058.84
501,CUST0090,2024-10,840.77,840.77,USA,USD,1.0586,794.23,794.23,840.77,794.23,2713.14
502,CUST0091,2024-07,224.78,224.78,Japan,JPY,142.751,1.57,1.57,224.78,1.57,224.78
503,CUST0091,2024-08,536.44,1442.49,USA,USD,1.0689,501.86,1636.27,721.245,818.135,1667.27
504,CUST0091,2024-08,906.05,1442.49,UK,GBP,0.7987,1134.41,1636.27,721.245,818.135,1130.83
506,CUST0092,2024-03,296.07,296.07,Germany,EUR,1.0,296.07,296.07,296.07,296.07,296.07
505,CUST0092,2024-06,264.75,1255.06,Canada,CAD,1.327,199.51,1189.82,627.53,594.91,560.8199999999999
509,CUST0092,2024-06,990.31,1255.06,Germany,EUR,1.0,990.31,1189.82,627.53,594.91,1551.1299999999999
508,CUST0092,2024-09,968.89,968.89,Canada,CAD,1.3743,705.01,705.01,968.89,705.01,2223.95
507,CUST0092,2025-01,836.95,836.95,Japan,JPY,143.7817,5.82,5.82,836.95,5.82,2796.15
514,CUST0093,2024-03,547.42,547.42,Canada,CAD,1.3751,398.09,398.09,547.42,398.09,547.42
512,CUST0093,2024-04,375.34,375.34,Canada,CAD,1.3341,281.34,281.34,375.34,281.34,922.76
510,CUST0093,2024-06,173.96,173.96,UK,GBP,0.7857,221.41,221.41,173.96,221.41,1096.72
511,CUST0093,2024-09,481.21,481.21,UK,GBP,0.8052,597.63,597.63,481.21,597.63,1030.51
515,CUST0093,2024-12,568.81,568.81,Germany,EUR,1.0,568.81,568.81,568.81,568.81,1223.98
513,CUST0093,2025-02,210.48,210.48,Japan,JPY,142.6009,1.48,1.48,210.48,1.48,1260.5
520,CUST0094,2024-02,95.14,95.14,Canada,CAD,1.3427,70.86,70.86,95.14,70.86,95.14
522,CUST0094,2024-03,338.45,994.5899999999999,Germany,EUR,1.0,338.45,815.61,497.29499999999996,407.805,1089.73
523,CUST0094,2024-03,656.14,994.5899999999999,Canada,CAD,1.3751,477.16,815.61,497.29499999999996,407.805,751.28
516,CUST0094,2024-06,953.81,2061.7799999999997,Germany,EUR,1.0,953.81,1788.75,687.2599999999999,596.25,2061.7799999999997
517,CUST0094,2024-06,597.83,2061.7799999999997,Canada,CAD,1.327,450.51,1788.75,687.2599999999999,596.25,1446.42
518,CUST0094,2024-06,510.14,2061.7799999999997,Canada,CAD,1.327,384.43,1788.75,687.2599999999999,596.25,1504.73
519,CUST0094,2024-12,63.33,789.4100000000001,Canada,CAD,1.3423,47.18,52.1,394.70500000000004,26.05,1614.97
521,CUST0094,2024-12,726.08,789.4100000000001,Japan,JPY,147.6806,4.92,52.1,394.70500000000004,26.05,1743.2199999999998
524,CUST0094,2025-01,944.93,944.93,Canada,CAD,1.3603,694.65,694.65,944.93,694.65,1734.34
530,CUST0095,2024-03,954.4,954.4,Japan,JPY,145.5988,6.55,6.55,954.4,6.55,954.4
529,CUST0095,2024-06,641.14,641.14,Japan,JPY,143.6044,4.46,4.46,641.14,4.46,1595.54
526,CUST0095,2024-08,26.58,26.58,USA,USD,1.0689,24.87,24.87,26.58,24.87,1622.12
525,CUST0095,2024-09,758.75,758.75,Japan,JPY,143.2724,5.3,5.3,758.75,5.3,1426.47
527,CUST0095,2024-12,333.3,535.83,Canada,CAD,1.3423,248.31,436.4,267.915,218.2,1294.58
528,CUST0095,2024-12,202.53,535.83,USA,USD,1.0768,188.09,436.4,267.915,218.2,987.86
533,CUST0096,2024-05,463.75,824.79,UK,GBP,0.8028,577.67,580.1899999999999,412.395,290.09499999999997,463.75
534,CUST0096,2024-05,361.04,824.79,Japan,JPY,143.3017,2.52,580.1899999999999,412.395,290.09499999999997,824.79
532,CUST0096,2024-09,689.81,689.81,UK,GBP,0.8052,856.69,856.69,689.81,856.69,1514.6
531,CUST0096,2024-11,408.93,408.93,UK,GBP,0.7946,514.64,514.64,408.93,514.64,1459.78
536,CUST0097,2024-06,19.36,19.36,UK,GBP,0.7857,24.64,24.64,19.36,24.64,19.36
535,CUST0097,2024-08,991.81,991.81,Japan,JPY,146.9078,6.75,6.75,991.81,6.75,1011.17
537,CUST0097,2024-09,237.72,237.72,Germany,EUR,1.0,237.72,237.72,237.72,237.72,1248.8899999999999
540,CUST0098,2024-04,997.82,2244.25,Canada,CAD,1.3341,747.93,1905.61,748.0833333333334,635.2033333333333,997.82
541,CUST0098,2024-04,823.38,2244.25,Canada,CAD,1.3341,617.18,1905.61,748.0833333333334,635.2033333333333,2244.25
542,CUST0098,2024-04,423.05,2244.25,UK,GBP,0.7827,540.5,1905.61,748.0833333333334,635.2033333333333,1420.8700000000001
538,CUST0098,2024-08,518.68,518.68,USA,USD,1.0689,485.25,485.25,518.68,485.25,1765.1099999999997
539,CUST0098,2025-01,900.17,900.17,USA,USD,1.0704,840.97,840.97,900.17,840.97,2242.2299999999996
543,CUST0099,2024-03,228.15,228.15,Germany,EUR,1.0,228.15,228.15,228.15,228.15,228.15
544,CUST0099,2024-05,825.71,1124.02,Germany,EUR,1.0,825.71,1105.08,562.01,552.54,1053.8600000000001
547,CUST0099,2024-05,298.31,1124.02,USA,USD,1.0678,279.37,1105.08,562.01,552.54,1352.17
545,CUST0099,2025-01,208.01,728.58,UK,GBP,0.784,265.32,268.94,364.29,134.47,1026.8899999999999
546,CUST0099,2025-01,520.57,728.58,Japan,JPY,143.7817,3.62,268.94,364.29,134.47,1644.59
549,CUST0100,2024-05,253.76,253.76,Germany,EUR,1.0,253.76,253.76,253.76,253.76,253.76
548,CUST0100,2024-11,915.06,915.06,Germany,EUR,1.0,915.06,915.06,915.06,915.06,1168.82
550,CUST0100,2024-12,489.27,489.27,USA,USD,1.0768,454.37,454.37,489.27,454.37,1658.09
